Miasto,Powiat,Województwo,Powierzchnia [ha] (01.01.2021),Liczba ludności (01.01.2021),Gęstość zaludnienia [osoby/km²] (01.01.2021)
Aleksandrów Kujawski,aleksandrowski,kujawsko-pomorskie,724,12058,1668
Aleksandrów Łódzki,zgierski,łódzkie,1382,21754,1574
Alwernia,chrzanowski,małopolskie,888,3336,376
Andrychów,wadowicki,małopolskie,1033,19837,1920
Annopol,kraśnicki,lubelskie,773,2436,315
Augustów,augustowski,podlaskie,8090,29946,370
Babimost,zielonogórski,lubuskie,365,3901,1069
Baborów,głubczycki,opolskie,1186,2861,241
Baranów Sandomierski,tarnobrzeski,podkarpackie,915,1430,156
Barcin,żniński,kujawsko-pomorskie,370,7313,1976
Barczewo,olsztyński,warmińsko-mazurskie,458,7509,1640
Bardo,ząbkowicki,dolnośląskie,471,2497,530
Barlinek,myśliborski,zachodniopomorskie,1755,13611,776
Bartoszyce,bartoszycki,warmińsko-mazurskie,1179,22984,1949
Barwice,szczecinecki,zachodniopomorskie,752,3677,489
Bełchatów,bełchatowski,łódzkie,3464,56419,1629
Bełżyce,lubelski,lubelskie,2346,6399,273
Będzin,będziński,śląskie,3737,56008,1499
Biała,prudnicki,opolskie,1472,2390,162
Biała Piska,piski,warmińsko-mazurskie,324,4047,1249
Biała Podlaska,Biała Podlaska,lubelskie,4940,56942,1153
Biała Rawska,rawski,łódzkie,953,3132,329
Białaczów,opoczyński,łódzkie,2192,1068,49
Białobrzegi,białobrzeski,mazowieckie,751,6853,913
Białogard,białogardzki,zachodniopomorskie,2573,23950,931
Biały Bór,szczecinecki,zachodniopomorskie,1282,2208,172
Białystok,Białystok,podlaskie,10213,296958,2908
Biecz,gorlicki,małopolskie,1771,4549,257
Bielawa,dzierżoniowski,dolnośląskie,3621,29523,815
Bielsk Podlaski,bielski,podlaskie,2701,25044,927
Bielsko-Biała,Bielsko-Biała,śląskie,12451,169756,1363
Bieruń,bieruńsko-lędziński,śląskie,4049,19375,479
Bierutów,oleśnicki,dolnośląskie,836,4809,575
Bieżuń,żuromiński,mazowieckie,1207,1829,152
Biłgoraj,biłgorajski,lubelskie,2110,26114,1238
Bircza,przemyski,podkarpackie,464,987,213
Biskupiec,olsztyński,warmińsko-mazurskie,500,10628,2126
Bisztynek,bartoszycki,warmińsko-mazurskie,216,2328,1078
Blachownia,częstochowski,śląskie,3666,9457,258
Błaszki,sieradzki,łódzkie,162,2047,1264
Błażowa,rzeszowski,podkarpackie,423,2148,508
Błonie,warszawski zachodni,mazowieckie,909,12134,1335
Bobolice,koszaliński,zachodniopomorskie,477,3957,830
Bobowa,gorlicki,małopolskie,718,3137,437
Bobrowniki,lipnowski,kujawsko-pomorskie,588,1104,188
Bochnia,bocheński,małopolskie,2987,29554,989
Bodzanów,płocki,mazowieckie,482,1135,235
Bodzentyn,kielecki,świętokrzyskie,865,2190,253
Bogatynia,zgorzelecki,dolnośląskie,5988,17037,285
Bogoria,staszowski,świętokrzyskie,554,1093,197
Boguchwała,rzeszowski,podkarpackie,911,6140,674
Boguszów-Gorce,wałbrzyski,dolnośląskie,2702,15154,561
Bojanowo,rawicki,wielkopolskie,234,2915,1246
Bolesławiec,bolesławiecki,dolnośląskie,2357,38486,1633
Bolesławiec,wieruszowski,łódzkie,296,1150,388
Bolimów,skierniewicki,łódzkie,378,899,238
Bolków,jaworski,dolnośląskie,768,4913,640
Borek Wielkopolski,gostyński,wielkopolskie,629,2500,397
Borne Sulinowo,szczecinecki,zachodniopomorskie,1815,5052,278
Braniewo,braniewski,warmińsko-mazurskie,1241,16974,1368
Brańsk,bielski,podlaskie,3243,3694,114
Brodnica,brodnicki,kujawsko-pomorskie,2315,28701,1240
Brody,żarski,lubuskie,307,889,290
Brok,ostrowski,mazowieckie,2806,1904,68
Brusy,chojnicki,pomorskie,520,5221,1004
Brwinów,pruszkowski,mazowieckie,1468,13710,934
Brzeg,brzeski,opolskie,1461,35226,2411
Brzeg Dolny,wołowski,dolnośląskie,1720,12480,726
Brzesko,brzeski,małopolskie,1192,16764,1406
Brzeszcze,oświęcimski,małopolskie,1904,11092,583
Brześć Kujawski,włocławski,kujawsko-pomorskie,704,4563,648
Brzeziny,brzeziński,łódzkie,2158,12365,573
Brzostek,dębicki,podkarpackie,876,2749,314
Brzozów,brzozowski,podkarpackie,1146,7425,648
Budzyń,chodzieski,wielkopolskie,4059,4475,110
Buk,poznański,wielkopolskie,296,5948,2009
Bukowno,olkuski,małopolskie,6459,9976,154
Busko-Zdrój,buski,świętokrzyskie,1228,15611,1271
Bychawa,lubelski,lubelskie,669,4814,720
Byczyna,kluczborski,opolskie,579,3532,610
Bydgoszcz,Bydgoszcz,kujawsko-pomorskie,17598,344091,1955
Bystrzyca Kłodzka,kłodzki,dolnośląskie,1074,9878,920
Bytom,Bytom,śląskie,6944,163255,2351
Bytom Odrzański,nowosolski,lubuskie,230,4244,1845
Bytów,bytowski,pomorskie,872,16833,1930
Cedynia,gryfiński,zachodniopomorskie,167,1497,896
Cegłów,miński,mazowieckie,767,2279,297
Chełm,Chełm,lubelskie,3528,61135,1733
Chełmek,oświęcimski,małopolskie,827,8912,1078
Chełmno,chełmiński,kujawsko-pomorskie,1356,19205,1416
Chełmża,toruński,kujawsko-pomorskie,784,14362,1832
Chęciny,kielecki,świętokrzyskie,1413,4394,311
Chmielnik,kielecki,świętokrzyskie,780,3596,461
Chocianów,polkowicki,dolnośląskie,900,7773,864
Chociwel,stargardzki,zachodniopomorskie,367,3123,851
Chocz,pleszewski,wielkopolskie,688,1769,257
Chodecz,włocławski,kujawsko-pomorskie,190,2279,1199
Chodzież,chodzieski,wielkopolskie,1277,18229,1427
Chojna,gryfiński,zachodniopomorskie,1258,7367,586
Chojnice,chojnicki,pomorskie,2104,39647,1884
Chojnów,legnicki,dolnośląskie,532,13236,2488
Choroszcz,białostocki,podlaskie,1679,5926,353
Chorzele,przasnyski,mazowieckie,1751,3100,177
Chorzów,Chorzów,śląskie,3324,106846,3214
Choszczno,choszczeński,zachodniopomorskie,958,14998,1566
Chrzanów,chrzanowski,małopolskie,3832,36118,943
Ciechanowiec,wysokomazowiecki,podlaskie,1953,4587,235
Ciechanów,ciechanowski,mazowieckie,3278,43883,1339
Ciechocinek,aleksandrowski,kujawsko-pomorskie,1526,10534,690
Ciepielów,lipski,mazowieckie,686,738,108
Cieszanów,lubaczowski,podkarpackie,1506,1922,128
Cieszyn,cieszyński,śląskie,2861,33981,1188
Ciężkowice,tarnowski,małopolskie,999,2447,245
Cybinka,słubicki,lubuskie,529,2768,523
Czaplinek,drawski,zachodniopomorskie,1362,7094,521
Czarna Białostocka,białostocki,podlaskie,1428,9198,644
Czarna Woda,starogardzki,pomorskie,994,2763,278
Czarne,człuchowski,pomorskie,4643,5830,126
Czarnków,czarnkowsko-trzcianecki,wielkopolskie,1017,10464,1029
Czarny Dunajec,nowotarski,małopolskie,3797,3772,99
Czchów,brzeski,małopolskie,1409,2323,165
Czechowice-Dziedzice,bielski,śląskie,3291,35839,1089
Czeladź,będziński,śląskie,1638,31039,1895
Czemierniki,radzyński,lubelskie,465,1307,281
Czempiń,kościański,wielkopolskie,332,4932,1486
Czerniejewo,gnieźnieński,wielkopolskie,1019,2671,262
Czersk,chojnicki,pomorskie,973,9900,1017
Czerwieńsk,zielonogórski,lubuskie,936,3947,422
Czerwińsk nad Wisłą,płoński,mazowieckie,548,1010,184
Czerwionka-Leszczyny,rybnicki,śląskie,3763,27888,741
Częstochowa,Częstochowa,śląskie,15971,217530,1362
Człopa,wałecki,zachodniopomorskie,627,2308,368
Człuchów,człuchowski,pomorskie,1278,13479,1055
Czyżew,wysokomazowiecki,podlaskie,523,2646,506
Ćmielów,ostrowiecki,świętokrzyskie,1334,2984,224
Daleszyce,kielecki,świętokrzyskie,1550,2856,184
Darłowo,sławieński,zachodniopomorskie,2021,13574,672
Dąbie,kolski,wielkopolskie,880,1982,225
Dąbrowa Białostocka,sokólski,podlaskie,2264,5402,239
Dąbrowa Górnicza,Dąbrowa Górnicza,śląskie,18873,118285,627
Dąbrowa Tarnowska,dąbrowski,małopolskie,2320,11844,511
Dąbrowice,kutnowski,łódzkie,1848,847,46
Debrzno,człuchowski,pomorskie,751,5020,668
Dębica,dębicki,podkarpackie,3383,45189,1336
Dęblin,rycki,lubelskie,3833,15887,414
Dębno,myśliborski,zachodniopomorskie,1951,13626,698
Dobczyce,myślenicki,małopolskie,1297,6425,495
Dobiegniew,strzelecko-drezdenecki,lubuskie,569,3017,530
Dobra,łobeski,zachodniopomorskie,237,2296,969
Dobra,turecki,wielkopolskie,184,1352,735
Dobre,miński,mazowieckie,861,1826,212
Dobre Miasto,olsztyński,warmińsko-mazurskie,486,10010,2060
Dobrodzień,oleski,opolskie,1953,3665,188
Dobrzany,stargardzki,zachodniopomorskie,534,2218,415
Dobrzyca,pleszewski,wielkopolskie,1970,3112,158
Dobrzyń nad Wisłą,lipnowski,kujawsko-pomorskie,541,2072,383
Dolsk,śremski,wielkopolskie,620,1553,250
Drawno,choszczeński,zachodniopomorskie,503,2250,447
Drawsko Pomorskie,drawski,zachodniopomorskie,2233,11417,511
Drezdenko,strzelecko-drezdenecki,lubuskie,1072,9978,931
Drobin,płocki,mazowieckie,965,2821,292
Drohiczyn,siemiatycki,podlaskie,1569,1932,123
Drzewica,opoczyński,łódzkie,481,3803,791
Dubiecko,przemyski,podkarpackie,239,866,362
Dukla,krośnieński,podkarpackie,548,2044,373
Duszniki-Zdrój,kłodzki,dolnośląskie,2228,4422,198
Dynów,rzeszowski,podkarpackie,2455,6063,247
Działdowo,działdowski,warmińsko-mazurskie,1147,21145,1844
Działoszyce,pińczowski,świętokrzyskie,192,902,470
Działoszyn,pajęczański,łódzkie,494,5746,1163
Dzierzgoń,sztumski,pomorskie,390,5320,1364
Dzierżoniów,dzierżoniowski,dolnośląskie,2007,32869,1638
Dziwnów,kamieński,zachodniopomorskie,652,2647,406
Elbląg,Elbląg,warmińsko-mazurskie,7982,118582,1486
Ełk,ełcki,warmińsko-mazurskie,2105,61903,2941
Frampol,biłgorajski,lubelskie,467,1432,307
Frombork,braniewski,warmińsko-mazurskie,759,2305,304
Garwolin,garwoliński,mazowieckie,2208,17548,795
Gąbin,płocki,mazowieckie,2795,4082,146
Gąsawa,żniński,kujawsko-pomorskie,693,1406,203
Gdańsk,Gdańsk,pomorskie,26196,470805,1797
Gdynia,Gdynia,pomorskie,13514,244969,1813
Gielniów,przysuski,mazowieckie,1207,779,65
Giżycko,giżycki,warmińsko-mazurskie,1372,28964,2111
Glinojeck,ciechanowski,mazowieckie,737,2976,404
Gliwice,Gliwice,śląskie,13388,177049,1322
Głogów,głogowski,dolnośląskie,3511,66120,1883
Głogów Małopolski,rzeszowski,podkarpackie,3820,9800,257
Głogówek,prudnicki,opolskie,2206,5563,252
Głowaczów,kozienicki,mazowieckie,596,825,138
Głowno,zgierski,łódzkie,1984,13961,704
Głubczyce,głubczycki,opolskie,1254,12441,992
Głuchołazy,nyski,opolskie,683,13388,1960
Głuszyca,wałbrzyski,dolnośląskie,1621,6246,385
Gniew,tczewski,pomorskie,604,6608,1094
Gniewkowo,inowrocławski,kujawsko-pomorskie,918,7060,769
Gniezno,gnieźnieński,wielkopolskie,4060,67570,1664
Gogolin,krapkowicki,opolskie,2035,6765,332
Golczewo,kamieński,zachodniopomorskie,742,2673,360
Goleniów,goleniowski,zachodniopomorskie,1178,21979,1866
Golina,koniński,wielkopolskie,352,4450,1264
Golub-Dobrzyń,golubsko-dobrzyński,kujawsko-pomorskie,750,12412,1655
Gołańcz,wągrowiecki,wielkopolskie,1264,3158,250
Gołdap,gołdapski,warmińsko-mazurskie,1720,13600,791
Goniądz,moniecki,podlaskie,428,1819,425
Goraj,biłgorajski,lubelskie,762,917,120
Gorlice,gorlicki,małopolskie,2353,26973,1146
Gorzów Śląski,oleski,opolskie,1854,2439,132
Gorzów Wielkopolski,Gorzów Wielkopolski,lubuskie,8572,122589,1430
Gostynin,gostyniński,mazowieckie,3240,18355,567
Gostyń,gostyński,wielkopolskie,1109,20250,1826
Gościno,kołobrzeski,zachodniopomorskie,570,2439,428
Gowarczów,konecki,świętokrzyskie,1203,1343,112
Gozdnica,żagański,lubuskie,2392,2977,124
Góra,górowski,dolnośląskie,1365,11574,848
Góra Kalwaria,piaseczyński,mazowieckie,1367,11988,877
Górowo Iławeckie,bartoszycki,warmińsko-mazurskie,332,3887,1171
Górzno,brodnicki,kujawsko-pomorskie,343,1403,409
Grabów,łęczycki,łódzkie,918,1003,109
Grabów nad Prosną,ostrzeszowski,wielkopolskie,258,1912,741
Grajewo,grajewski,podlaskie,1894,21709,1146
Grodków,brzeski,opolskie,988,8501,860
Grodzisk Mazowiecki,grodziski,mazowieckie,1319,32452,2460
Grodzisk Wielkopolski,grodziski,wielkopolskie,1821,14713,808
Grójec,grójecki,mazowieckie,857,16785,1959
Grudziądz,Grudziądz,kujawsko-pomorskie,5776,93564,1620
Grybów,nowosądecki,małopolskie,1695,5986,353
Gryfice,gryficki,zachodniopomorskie,1240,16212,1307
Gryfino,gryfiński,zachodniopomorskie,1181,20923,1772
Gryfów Śląski,lwówecki,dolnośląskie,663,6509,982
Gubin,krośnieński,lubuskie,2068,16528,799
Hajnówka,hajnowski,podlaskie,2129,20265,952
Halinów,miński,mazowieckie,284,3714,1308
Hel,pucki,pomorskie,2295,3212,140
Hrubieszów,hrubieszowski,lubelskie,3303,17232,522
Iława,iławski,warmińsko-mazurskie,2188,33206,1518
Iłowa,żagański,lubuskie,918,3844,419
Iłża,radomski,mazowieckie,1583,4642,293
Imielin,bieruńsko-lędziński,śląskie,2799,9269,331
Inowłódz,tomaszowski,łódzkie,1566,829,53
Inowrocław,inowrocławski,kujawsko-pomorskie,3042,71674,2356
Ińsko,stargardzki,zachodniopomorskie,748,1892,253
Iwaniska,opatowski,świętokrzyskie,598,1322,223
Iwonicz-Zdrój,krośnieński,podkarpackie,589,1742,296
Izbica,krasnostawski,lubelskie,946,1739,184
Izbica Kujawska,włocławski,kujawsko-pomorskie,224,2594,1158
Jabłonowo Pomorskie,brodnicki,kujawsko-pomorskie,335,3730,1113
Jadów,wołomiński,mazowieckie,463,934,202
Janikowo,inowrocławski,kujawsko-pomorskie,951,8638,908
Janowiec Wielkopolski,żniński,kujawsko-pomorskie,304,3897,1282
Janów Lubelski,janowski,lubelskie,1480,11661,788
Jaraczewo,jarociński,wielkopolskie,1007,1403,139
Jarocin,jarociński,wielkopolskie,2196,26453,1205
Jarosław,jarosławski,podkarpackie,3461,37073,1071
Jasień,żarski,lubuskie,479,4215,880
Jasło,jasielski,podkarpackie,3652,34542,946
Jastarnia,pucki,pomorskie,506,2679,529
Jastrowie,złotowski,wielkopolskie,7230,8580,119
Jastrząb,szydłowiecki,mazowieckie,1255,1071,85
Jastrzębie-Zdrój,Jastrzębie-Zdrój,śląskie,8533,88038,1032
Jawor,jaworski,dolnośląskie,1880,22462,1195
Jawornik Polski,przeworski,podkarpackie,848,1190,140
Jaworzno,Jaworzno,śląskie,15259,90368,592
Jaworzyna Śląska,świdnicki,dolnośląskie,434,5118,1179
Jedlicze,krośnieński,podkarpackie,1060,5658,534
Jedlina-Zdrój,wałbrzyski,dolnośląskie,1745,4789,274
Jedlnia-Letnisko,radomski,mazowieckie,822,3976,483
Jedwabne,łomżyński,podlaskie,454,1607,354
Jelcz-Laskowice,oławski,dolnośląskie,1706,15648,917
Jelenia Góra,Jelenia Góra,dolnośląskie,10922,78335,717
Jeziorany,olsztyński,warmińsko-mazurskie,341,3135,919
Jeżów,brzeziński,łódzkie,1256,1278,102
Jędrzejów,jędrzejowski,świętokrzyskie,1137,14812,1303
Jordanów,suski,małopolskie,2103,5152,245
Józefów,biłgorajski,lubelskie,500,2473,495
Józefów,otwocki,mazowieckie,2391,20741,867
Józefów nad Wisłą,opolski,lubelskie,365,902,247
Jutrosin,rawicki,wielkopolskie,162,1966,1214
Kaczory,pilski,wielkopolskie,1655,2904,175
Kalety,tarnogórski,śląskie,7629,8548,112
Kalisz,Kalisz,wielkopolskie,6942,99106,1428
Kalisz Pomorski,drawski,zachodniopomorskie,1196,4363,365
Kalwaria Zebrzydowska,wadowicki,małopolskie,550,4469,813
Kałuszyn,miński,mazowieckie,1230,2862,233
Kamieniec Ząbkowicki,ząbkowicki,dolnośląskie,1299,4467,344
Kamienna Góra,kamiennogórski,dolnośląskie,1804,18585,1030
Kamień Krajeński,sępoleński,kujawsko-pomorskie,365,2335,640
Kamień Pomorski,kamieński,zachodniopomorskie,1074,8677,808
Kamieńsk,radomszczański,łódzkie,1199,2703,225
Kamionka,lubartowski,lubelskie,589,1712,291
Kańczuga,przeworski,podkarpackie,760,3131,412
Karczew,otwocki,mazowieckie,2812,9811,349
Kargowa,zielonogórski,lubuskie,455,3774,829
Karlino,białogardzki,zachodniopomorskie,940,5862,624
Karpacz,karkonoski,dolnośląskie,3799,4487,118
Kartuzy,kartuski,pomorskie,735,14276,1942
Katowice,Katowice,śląskie,16464,290553,1765
Kazimierz Dolny,puławski,lubelskie,3044,2534,83
Kazimierza Wielka,kazimierski,świętokrzyskie,614,5429,884
Kąty Wrocławskie,wrocławski,dolnośląskie,861,7028,816
Kcynia,nakielski,kujawsko-pomorskie,684,4515,660
Kędzierzyn-Koźle,kędzierzyńsko-kozielski,opolskie,12371,60021,485
Kępice,słupski,pomorskie,611,3558,582
Kępno,kępiński,wielkopolskie,779,13889,1783
Kętrzyn,kętrzyński,warmińsko-mazurskie,1035,26788,2588
Kęty,oświęcimski,małopolskie,2305,18443,800
Kielce,Kielce,świętokrzyskie,10965,193415,1764
Kiernozia,łowicki,łódzkie,459,831,181
Kietrz,głubczycki,opolskie,1874,5874,313
Kikół,lipnowski,kujawsko-pomorskie,401,1994,498
Kisielice,iławski,warmińsko-mazurskie,337,2081,618
Kleczew,koniński,wielkopolskie,780,4097,525
Kleszczele,hajnowski,podlaskie,4671,1216,26
Klimontów,sandomierski,świętokrzyskie,466,1884,404
Kluczbork,kluczborski,opolskie,1235,23254,1883
Kłecko,gnieźnieński,wielkopolskie,962,2605,271
Kłobuck,kłobucki,śląskie,4746,12756,269
Kłodawa,kolski,wielkopolskie,431,6355,1474
Kłodzko,kłodzki,dolnośląskie,2484,26421,1064
Knurów,gliwicki,śląskie,3395,37801,1113
Knyszyn,moniecki,podlaskie,2368,2726,115
Kobylin,krotoszyński,wielkopolskie,487,3222,662
Kobyłka,wołomiński,mazowieckie,1964,25149,1280
Kock,lubartowski,lubelskie,1678,3238,193
Kolbuszowa,kolbuszowski,podkarpackie,798,8922,1118
Kolno,kolneński,podlaskie,2507,10143,405
Kolonowskie,strzelecki,opolskie,5570,3296,59
Koluszki,łódzki wschodni,łódzkie,990,12776,1291
Kołaczyce,jasielski,podkarpackie,715,1427,200
Koło,kolski,wielkopolskie,1385,21247,1534
Kołobrzeg,kołobrzeski,zachodniopomorskie,2567,46198,1800
Koniecpol,częstochowski,śląskie,3692,5846,158
Konin,Konin,wielkopolskie,8231,72539,881
Konstancin-Jeziorna,piaseczyński,mazowieckie,1774,16889,952
Konstantynów Łódzki,pabianicki,łódzkie,2725,18335,673
Końskie,konecki,świętokrzyskie,1770,18878,1067
Koprzywnica,sandomierski,świętokrzyskie,1790,2431,136
Korfantów,nyski,opolskie,1023,1771,173
Koronowo,bydgoski,kujawsko-pomorskie,2815,11070,393
Korsze,kętrzyński,warmińsko-mazurskie,403,4145,1029
Kosów Lacki,sokołowski,mazowieckie,1157,2071,179
Kostrzyn,poznański,wielkopolskie,798,9697,1215
Kostrzyn nad Odrą,gorzowski,lubuskie,4614,17704,384
Koszalin,Koszalin,zachodniopomorskie,9834,106235,1080
Koszyce,proszowicki,małopolskie,325,775,238
Kościan,kościański,wielkopolskie,901,23716,2632
Kościerzyna,kościerski,pomorskie,1586,23778,1499
Kowal,włocławski,kujawsko-pomorskie,468,3468,741
Kowalewo Pomorskie,golubsko-dobrzyński,kujawsko-pomorskie,445,4102,922
Kowary,karkonoski,dolnośląskie,3739,10650,285
Koziegłowy,myszkowski,śląskie,2671,2438,91
Kozienice,kozienicki,mazowieckie,1045,16877,1615
Koźmin Wielkopolski,krotoszyński,wielkopolskie,589,6437,1093
Koźminek,kaliski,wielkopolskie,604,1938,321
Kożuchów,nowosolski,lubuskie,594,9337,1572
Kórnik,poznański,wielkopolskie,599,8023,1339
Krajenka,złotowski,wielkopolskie,376,3603,958
Kraków,Kraków,małopolskie,32685,779966,2386
Krapkowice,krapkowicki,opolskie,2101,15962,760
Krasnobród,zamojski,lubelskie,699,3074,440
Krasnystaw,krasnostawski,lubelskie,4213,18383,436
Kraśnik,kraśnicki,lubelskie,2610,33917,1300
Krobia,gostyński,wielkopolskie,705,4338,615
Krosno,Krosno,podkarpackie,4472,45948,1027
Krosno Odrzańskie,krośnieński,lubuskie,815,11155,1369
Krośniewice,kutnowski,łódzkie,418,4258,1019
Krotoszyn,krotoszyński,wielkopolskie,2254,28701,1273
Kruszwica,inowrocławski,kujawsko-pomorskie,1023,9331,912
Krynica Morska,nowodworski,pomorskie,11856,1290,11
Krynica-Zdrój,nowosądecki,małopolskie,3968,10456,264
Krynki,sokólski,podlaskie,383,2313,604
Krzanowice,raciborski,śląskie,308,2134,693
Krzepice,kłobucki,śląskie,2766,4361,158
Krzeszowice,krakowski,małopolskie,1697,9969,587
Krzywiń,kościański,wielkopolskie,227,1721,758
Krzyż Wielkopolski,czarnkowsko-trzcianecki,wielkopolskie,581,6147,1058
Książ Wielki,miechowski,małopolskie,562,817,145
Książ Wielkopolski,śremski,wielkopolskie,196,2718,1387
Kudowa-Zdrój,kłodzki,dolnośląskie,3390,9772,288
Kunów,ostrowiecki,świętokrzyskie,726,2883,397
Kutno,kutnowski,łódzkie,3359,43332,1290
Kuźnia Raciborska,raciborski,śląskie,3149,5230,166
Kwidzyn,kwidzyński,pomorskie,2154,38329,1779
Latowicz,miński,mazowieckie,2573,1380,54
Lądek-Zdrój,kłodzki,dolnośląskie,2032,5466,269
Legionowo,legionowski,mazowieckie,1354,53529,3953
Legnica,Legnica,dolnośląskie,5629,98436,1749
Lesko,leski,podkarpackie,1533,5406,353
Leszno,Leszno,wielkopolskie,3186,62854,1973
Leśna,lubański,dolnośląskie,856,4391,513
Leśnica,strzelecki,opolskie,1450,2564,177
Lewin Brzeski,brzeski,opolskie,1164,5696,489
Leżajsk,leżajski,podkarpackie,2058,13585,660
Lębork,lęborski,pomorskie,1786,35101,1965
Lędziny,bieruńsko-lędziński,śląskie,3165,16731,529
Libiąż,chrzanowski,małopolskie,3585,16838,470
Lidzbark,działdowski,warmińsko-mazurskie,568,7635,1344
Lidzbark Warmiński,lidzbarski,warmińsko-mazurskie,1435,15489,1079
Limanowa,limanowski,małopolskie,1870,15067,806
Lipiany,pyrzycki,zachodniopomorskie,554,3887,702
Lipno,lipnowski,kujawsko-pomorskie,1099,14283,1300
Lipsk,augustowski,podlaskie,498,2250,452
Lipsko,lipski,mazowieckie,1570,5377,342
Lubaczów,lubaczowski,podkarpackie,2573,11830,460
Lubań,lubański,dolnośląskie,1612,20723,1286
Lubartów,lubartowski,lubelskie,1391,21636,1555
Lubawa,iławski,warmińsko-mazurskie,1684,10374,616
Lubawka,kamiennogórski,dolnośląskie,2244,5940,265
Lubień Kujawski,włocławski,kujawsko-pomorskie,231,1377,596
Lubin,lubiński,dolnośląskie,4077,71710,1759
Lublin,Lublin,lubelskie,14747,338586,2296
Lubliniec,lubliniecki,śląskie,8936,23551,264
Lubniewice,sulęciński,lubuskie,1211,2080,172
Lubomierz,lwówecki,dolnośląskie,805,1987,247
Luboń,poznański,wielkopolskie,1351,32015,2370
Lubowidz,żuromiński,mazowieckie,527,1645,312
Lubraniec,włocławski,kujawsko-pomorskie,197,2927,1486
Lubsko,żarski,lubuskie,1251,13733,1098
Lubycza Królewska,tomaszowski,lubelskie,392,2424,618
Lutomiersk,pabianicki,łódzkie,518,1569,303
Lututów,wieruszowski,łódzkie,1895,2241,118
Lwówek,nowotomyski,wielkopolskie,316,2933,928
Lwówek Śląski,lwówecki,dolnośląskie,1665,8753,526
Łabiszyn,żniński,kujawsko-pomorskie,289,4501,1557
Łagów,kielecki,świętokrzyskie,822,1543,188
Łańcut,łańcucki,podkarpackie,1942,17675,910
Łapy,białostocki,podlaskie,1214,15412,1270
Łasin,grudziądzki,kujawsko-pomorskie,479,3161,660
Łask,łaski,łódzkie,1567,16925,1080
Łaskarzew,garwoliński,mazowieckie,1535,4809,313
Łaszczów,tomaszowski,lubelskie,501,2111,421
Łaziska Górne,mikołowski,śląskie,2011,22130,1100
Łazy,zawierciański,śląskie,860,6744,784
Łeba,lęborski,pomorskie,1656,3541,214
Łęczna,łęczyński,lubelskie,1900,18675,983
Łęczyca,łęczycki,łódzkie,895,13786,1540
Łęknica,żarski,lubuskie,1643,2396,146
Łobez,łobeski,zachodniopomorskie,1284,10048,783
Łobżenica,pilski,wielkopolskie,325,2939,904
Łochów,węgrowski,mazowieckie,1339,6822,509
Łomianki,warszawski zachodni,mazowieckie,840,17080,2033
Łomża,Łomża,podlaskie,3267,62573,1915
Łopuszno,kielecki,świętokrzyskie,524,1402,268
Łosice,łosicki,mazowieckie,2374,7023,296
Łowicz,łowicki,łódzkie,2342,27896,1191
Łódź,Łódź,łódzkie,29325,672185,2292
Łuków,łukowski,lubelskie,3575,29441,824
Maciejowice,garwoliński,mazowieckie,1088,1410,130
Magnuszew,kozienicki,mazowieckie,918,966,105
Maków Mazowiecki,makowski,mazowieckie,1028,9575,931
Maków Podhalański,suski,małopolskie,2012,5769,287
Malbork,malborski,pomorskie,1716,38101,2220
Małogoszcz,jędrzejowski,świętokrzyskie,968,3670,379
Małomice,żagański,lubuskie,675,3496,518
Margonin,chodzieski,wielkopolskie,515,2984,579
Marki,wołomiński,mazowieckie,2615,36816,1408
Maszewo,goleniowski,zachodniopomorskie,554,3346,604
Miasteczko Krajeńskie,pilski,wielkopolskie,193,1080,560
Miasteczko Śląskie,tarnogórski,śląskie,6783,7418,109
Miastko,bytowski,pomorskie,568,10211,1798
Michałowo,białostocki,podlaskie,215,2983,1387
Miechów,miechowski,małopolskie,1549,11500,742
Miejska Górka,rawicki,wielkopolskie,314,3203,1020
Mielec,mielecki,podkarpackie,4689,60075,1281
Mielno,koszaliński,zachodniopomorskie,3345,2898,87
Mieroszów,wałbrzyski,dolnośląskie,1031,3964,384
Mieszkowice,gryfiński,zachodniopomorskie,525,3577,681
Mieścisko,wągrowiecki,wielkopolskie,1134,2362,208
Międzybórz,oleśnicki,dolnośląskie,641,2341,365
Międzychód,międzychodzki,wielkopolskie,698,10476,1501
Międzylesie,kłodzki,dolnośląskie,1437,2514,175
Międzyrzec Podlaski,bialski,lubelskie,2003,16667,832
Międzyrzecz,międzyrzecki,lubuskie,1026,17667,1722
Międzyzdroje,kamieński,zachodniopomorskie,516,5307,1028
Miękinia,średzki,dolnośląskie,1104,2078,188
Mikołajki,mrągowski,warmińsko-mazurskie,932,3741,401
Mikołów,mikołowski,śląskie,7921,41003,518
Mikstat,ostrzeszowski,wielkopolskie,252,1812,719
Milanówek,grodziski,mazowieckie,1344,16478,1226
Milicz,milicki,dolnośląskie,1350,11199,830
Miłakowo,ostródzki,warmińsko-mazurskie,876,2540,290
Miłomłyn,ostródzki,warmińsko-mazurskie,1238,2421,196
Miłosław,wrzesiński,wielkopolskie,446,3534,792
Mińsk Mazowiecki,miński,mazowieckie,1318,40916,3104
Mirosławiec,wałecki,zachodniopomorskie,241,3054,1267
Mirsk,lwówecki,dolnośląskie,1466,3786,258
Mława,mławski,mazowieckie,3480,31129,895
Młynary,elbląski,warmińsko-mazurskie,276,1763,639
Modliborzyce,janowski,lubelskie,789,1459,185
Mogielnica,grójecki,mazowieckie,1298,2193,169
Mogilno,mogileński,kujawsko-pomorskie,832,11652,1400
Mońki,moniecki,podlaskie,766,9933,1297
Morawica,kielecki,świętokrzyskie,438,1708,390
Morąg,ostródzki,warmińsko-mazurskie,611,13459,2203
Mordy,siedlecki,mazowieckie,454,1710,377
Moryń,gryfiński,zachodniopomorskie,554,1612,291
Mosina,poznański,wielkopolskie,1350,14255,1056
Mrągowo,mrągowski,warmińsko-mazurskie,1481,21302,1438
Mrocza,nakielski,kujawsko-pomorskie,501,4298,858
Mrozy,miński,mazowieckie,773,3586,464
Mszana Dolna,limanowski,małopolskie,2710,7899,291
Mszczonów,żyrardowski,mazowieckie,856,6290,735
Murowana Goślina,poznański,wielkopolskie,862,10410,1208
Muszyna,nowosądecki,małopolskie,2443,4737,194
Mysłowice,Mysłowice,śląskie,6562,74559,1136
Myszków,myszkowski,śląskie,7359,31261,425
Myszyniec,ostrołęcki,mazowieckie,1122,3397,303
Myślenice,myślenicki,małopolskie,3022,18325,606
Myślibórz,myśliborski,zachodniopomorskie,1504,11049,735
Nakło nad Notecią,nakielski,kujawsko-pomorskie,1082,18026,1666
Nałęczów,puławski,lubelskie,1382,3727,270
Namysłów,namysłowski,opolskie,2261,16622,735
Narol,lubaczowski,podkarpackie,1242,2040,164
Nasielsk,nowodworski,mazowieckie,1257,7650,609
Nekla,wrzesiński,wielkopolskie,1979,3851,195
Nidzica,nidzicki,warmińsko-mazurskie,686,13547,1975
Niemcza,dzierżoniowski,dolnośląskie,1981,2932,148
Niemodlin,opolski,opolskie,1311,6223,475
Niepołomice,wielicki,małopolskie,2740,14022,512
Nieszawa,aleksandrowski,kujawsko-pomorskie,979,1834,187
Nisko,niżański,podkarpackie,6096,15193,249
Nowa Dęba,tarnobrzeski,podkarpackie,1670,11006,659
Nowa Ruda,kłodzki,dolnośląskie,3705,21643,584
Nowa Sarzyna,leżajski,podkarpackie,915,5740,627
Nowa Słupia,kielecki,świętokrzyskie,1397,1356,97
Nowa Sól,nowosolski,lubuskie,2180,38191,1752
Nowe,świecki,kujawsko-pomorskie,357,5724,1603
Nowe Brzesko,proszowicki,małopolskie,726,1654,228
Nowe Miasteczko,nowosolski,lubuskie,329,2724,828
Nowe Miasto,płoński,mazowieckie,892,1530,172
Nowe Miasto Lubawskie,nowomiejski,warmińsko-mazurskie,1137,10709,942
Nowe Miasto nad Pilicą,grójecki,mazowieckie,1125,3672,326
Nowe Skalmierzyce,ostrowski,wielkopolskie,158,4744,3003
Nowe Warpno,policki,zachodniopomorskie,2451,1178,48
Nowogard,goleniowski,zachodniopomorskie,1257,16448,1309
Nowogrodziec,bolesławiecki,dolnośląskie,1610,4263,265
Nowogród,łomżyński,podlaskie,2055,2150,105
Nowogród Bobrzański,zielonogórski,lubuskie,1463,5060,346
Nowy Dwór Gdański,nowodworski,pomorskie,507,9862,1945
Nowy Dwór Mazowiecki,nowodworski,mazowieckie,2821,28691,1017
Nowy Korczyn,buski,świętokrzyskie,745,904,121
Nowy Sącz,Nowy Sącz,małopolskie,5758,83558,1451
Nowy Staw,malborski,pomorskie,467,4226,905
Nowy Targ,nowotarski,małopolskie,5107,33257,651
Nowy Tomyśl,nowotomyski,wielkopolskie,520,14319,2754
Nowy Wiśnicz,bocheński,małopolskie,497,2763,556
Nysa,nyski,opolskie,2751,43356,1576
Oborniki,obornicki,wielkopolskie,1408,17848,1268
Oborniki Śląskie,trzebnicki,dolnośląskie,1446,9075,628
Obrzycko,szamotulski,wielkopolskie,374,2385,638
Odolanów,ostrowski,wielkopolskie,476,5114,1074
Odrzywół,przysuski,mazowieckie,793,967,122
Ogrodzieniec,zawierciański,śląskie,2856,4243,149
Okonek,złotowski,wielkopolskie,601,3842,639
Olecko,olecki,warmińsko-mazurskie,1154,16364,1418
Olesno,oleski,opolskie,1508,9353,620
Oleszyce,lubaczowski,podkarpackie,508,2948,580
Oleśnica,oleśnicki,dolnośląskie,2096,36979,1764
Oleśnica,staszowski,świętokrzyskie,1004,1809,180
Olkusz,olkuski,małopolskie,2565,34757,1355
Olsztyn,częstochowski,śląskie,3425,2499,73
Olsztyn,Olsztyn,warmińsko-mazurskie,8833,171249,1939
Olsztynek,olsztyński,warmińsko-mazurskie,769,7491,974
Olszyna,lubański,dolnośląskie,2026,4325,213
Oława,oławski,dolnośląskie,2736,33087,1209
Opalenica,nowotomyski,wielkopolskie,642,9545,1487
Opatowiec,kazimierski,świętokrzyskie,547,336,61
Opatów,opatowski,świętokrzyskie,936,6374,681
Opatówek,kaliski,wielkopolskie,868,3611,416
Opoczno,opoczyński,łódzkie,2699,20746,769
Opole,Opole,opolskie,14888,127839,859
Opole Lubelskie,opolski,lubelskie,1512,8320,550
Orneta,lidzbarski,warmińsko-mazurskie,963,8648,898
Orzesze,mikołowski,śląskie,8371,21290,254
Orzysz,piski,warmińsko-mazurskie,817,5526,676
Osieck,otwocki,mazowieckie,2659,1099,41
Osieczna,leszczyński,wielkopolskie,476,2392,503
Osiek,staszowski,świętokrzyskie,1743,1970,113
Osjaków,wieluński,łódzkie,828,1350,163
Ostrołęka,Ostrołęka,mazowieckie,3346,51656,1544
Ostroróg,szamotulski,wielkopolskie,125,1916,1533
Ostrowiec Świętokrzyski,ostrowiecki,świętokrzyskie,4643,67404,1452
Ostróda,ostródzki,warmińsko-mazurskie,1415,32714,2312
Ostrów Lubelski,lubartowski,lubelskie,2977,2089,70
Ostrów Mazowiecka,ostrowski,mazowieckie,2227,22216,998
Ostrów Wielkopolski,ostrowski,wielkopolskie,4190,71560,1708
Ostrzeszów,ostrzeszowski,wielkopolskie,1213,13964,1151
Ośno Lubuskie,słubicki,lubuskie,801,3896,486
Oświęcim,oświęcimski,małopolskie,3000,37569,1252
Otmuchów,nyski,opolskie,4954,6474,131
Otwock,otwocki,mazowieckie,4731,44317,937
Otyń,nowosolski,lubuskie,786,1641,209
Ozimek,opolski,opolskie,325,8480,2609
Ozorków,zgierski,łódzkie,1546,19128,1237
Ożarów,opatowski,świętokrzyskie,779,4451,571
Ożarów Mazowiecki,warszawski zachodni,mazowieckie,813,12432,1529
Pabianice,pabianicki,łódzkie,3299,63945,1938
Pacanów,buski,świętokrzyskie,713,1132,159
Paczków,nyski,opolskie,660,7366,1116
Pajęczno,pajęczański,łódzkie,2023,6651,329
Pakość,inowrocławski,kujawsko-pomorskie,346,5624,1625
Parczew,parczewski,lubelskie,805,10555,1311
Parzęczew,zgierski,łódzkie,645,919,143
Pasłęk,elbląski,warmińsko-mazurskie,1064,12117,1139
Pasym,szczycieński,warmińsko-mazurskie,1518,2498,165
Pelplin,tczewski,pomorskie,442,7597,1719
Pełczyce,choszczeński,zachodniopomorskie,1307,2595,199
Piaseczno,piaseczyński,mazowieckie,1622,48670,3001
Piaski,świdnicki,lubelskie,844,2531,300
Piastów,pruszkowski,mazowieckie,576,22559,3916
Piątek,łęczycki,łódzkie,524,1690,323
Piechowice,karkonoski,dolnośląskie,4322,6082,141
Piekary Śląskie,Piekary Śląskie,śląskie,3998,54702,1368
Piekoszów,kielecki,świętokrzyskie,844,3167,375
Pieniężno,braniewski,warmińsko-mazurskie,381,2679,703
Pieńsk,zgorzelecki,dolnośląskie,992,5767,581
Pierzchnica,kielecki,świętokrzyskie,693,1160,167
Pieszyce,dzierżoniowski,dolnośląskie,1772,7012,396
Pilawa,garwoliński,mazowieckie,666,4564,685
Pilica,zawierciański,śląskie,822,1917,233
Pilzno,dębicki,podkarpackie,1604,4958,309
Piła,pilski,wielkopolskie,10268,72527,706
Piława Górna,dzierżoniowski,dolnośląskie,2093,6364,304
Pińczów,pińczowski,świętokrzyskie,1433,10524,734
Pionki,radomski,mazowieckie,1840,17902,973
Piotrków Kujawski,radziejowski,kujawsko-pomorskie,976,4392,450
Piotrków Trybunalski,Piotrków Trybunalski,łódzkie,6724,72250,1075
Pisz,piski,warmińsko-mazurskie,1008,19029,1888
Piszczac,bialski,lubelskie,330,2825,855
Piwniczna-Zdrój,nowosądecki,małopolskie,3830,5793,151
Pleszew,pleszewski,wielkopolskie,1338,16953,1267
Płock,Płock,mazowieckie,8804,118268,1343
Płońsk,płoński,mazowieckie,1160,21924,1890
Płoty,gryficki,zachodniopomorskie,412,3900,947
Pniewy,szamotulski,wielkopolskie,932,8084,867
Pobiedziska,poznański,wielkopolskie,1024,9451,923
Poddębice,poddębicki,łódzkie,587,7245,1234
Podkowa Leśna,grodziski,mazowieckie,1013,3801,375
Pogorzela,gostyński,wielkopolskie,436,2087,479
Polanica-Zdrój,kłodzki,dolnośląskie,1722,6228,362
Polanów,koszaliński,zachodniopomorskie,737,2881,391
Police,policki,zachodniopomorskie,3731,32243,864
Polkowice,polkowicki,dolnośląskie,2374,22435,945
Połaniec,staszowski,świętokrzyskie,1741,7988,459
Połczyn-Zdrój,świdwiński,zachodniopomorskie,721,7987,1108
Poniatowa,opolski,lubelskie,1526,8980,588
Poniec,gostyński,wielkopolskie,348,2878,827
Poręba,zawierciański,śląskie,3999,8461,212
Poznań,Poznań,wielkopolskie,26191,532048,2031
Prabuty,kwidzyński,pomorskie,729,8625,1183
Praszka,oleski,opolskie,935,7515,804
Prochowice,legnicki,dolnośląskie,985,3556,361
Proszowice,proszowicki,małopolskie,733,5977,815
Prószków,opolski,opolskie,1622,2561,158
Pruchnik,jarosławski,podkarpackie,1990,3740,188
Prudnik,prudnicki,opolskie,2050,20671,1008
Prusice,trzebnicki,dolnośląskie,1094,2226,203
Pruszcz,świecki,kujawsko-pomorskie,706,2710,384
Pruszcz Gdański,gdański,pomorskie,1647,31578,1917
Pruszków,pruszkowski,mazowieckie,1919,62623,3263
Przasnysz,przasnyski,mazowieckie,2516,17055,678
Przecław,mielecki,podkarpackie,1604,1788,111
Przedbórz,radomszczański,łódzkie,608,3458,569
Przedecz,kolski,wielkopolskie,298,1621,544
Przemków,polkowicki,dolnośląskie,617,6079,985
Przemyśl,Przemyśl,podkarpackie,4617,59779,1295
Przeworsk,przeworski,podkarpackie,2213,15105,683
Przyrów,częstochowski,śląskie,1207,1144,95
Przysucha,przysuski,mazowieckie,702,5769,822
Przytyk,radomski,mazowieckie,284,907,320
Pszczyna,pszczyński,śląskie,2249,25702,1143
Pszów,wodzisławski,śląskie,2044,13734,672
Puck,pucki,pomorskie,479,11139,2325
Puławy,puławski,lubelskie,5049,46965,930
Pułtusk,pułtuski,mazowieckie,2307,19294,836
Puszczykowo,poznański,wielkopolskie,1639,9575,584
Pyrzyce,pyrzycki,zachodniopomorskie,3879,12484,322
Pyskowice,gliwicki,śląskie,3089,18455,597
Pyzdry,wrzesiński,wielkopolskie,1216,3092,254
Rabka-Zdrój,nowotarski,małopolskie,3631,12662,349
Raciąż,płoński,mazowieckie,840,4390,523
Racibórz,raciborski,śląskie,7501,54259,723
Radków,kłodzki,dolnośląskie,1503,2401,160
Radlin,wodzisławski,śląskie,1253,17665,1410
Radłów,tarnowski,małopolskie,1683,2757,164
Radom,Radom,mazowieckie,11180,209296,1872
Radomsko,radomszczański,łódzkie,5143,45353,882
Radomyśl Wielki,mielecki,podkarpackie,879,3225,367
Radoszyce,konecki,świętokrzyskie,1717,3095,180
Radymno,jarosławski,podkarpackie,1362,5214,383
Radziejów,radziejowski,kujawsko-pomorskie,569,5499,966
Radzionków,tarnogórski,śląskie,1320,16903,1281
Radzymin,wołomiński,mazowieckie,2339,13313,569
Radzyń Chełmiński,grudziądzki,kujawsko-pomorskie,178,1784,1002
Radzyń Podlaski,radzyński,lubelskie,1931,15428,799
Rajgród,grajewski,podlaskie,3528,1539,44
Rakoniewice,grodziski,wielkopolskie,337,3619,1074
Raszków,ostrowski,wielkopolskie,205,2119,1034
Rawa Mazowiecka,rawski,łódzkie,1430,17193,1202
Rawicz,rawicki,wielkopolskie,887,20187,2276
Recz,choszczeński,zachodniopomorskie,1240,2873,232
Reda,wejherowski,pomorskie,3346,26707,798
Rejowiec,chełmski,lubelskie,650,2026,312
Rejowiec Fabryczny,chełmski,lubelskie,1428,4328,303
Resko,łobeski,zachodniopomorskie,449,4147,924
Reszel,kętrzyński,warmińsko-mazurskie,382,4535,1187
Rogoźno,obornicki,wielkopolskie,1124,11124,990
Ropczyce,ropczycko-sędziszowski,podkarpackie,4710,15864,337
Rozprza,piotrkowski,łódzkie,418,1689,404
Różan,makowski,mazowieckie,666,2698,405
Ruciane-Nida,piski,warmińsko-mazurskie,1707,4434,260
Ruda Śląska,Ruda Śląska,śląskie,7773,136423,1755
Rudnik nad Sanem,niżański,podkarpackie,3660,6677,182
Rumia,wejherowski,pomorskie,3010,49536,1646
Rybnik,Rybnik,śląskie,14836,137128,924
Rychtal,kępiński,wielkopolskie,396,1347,340
Rychwał,koniński,wielkopolskie,970,2353,243
Rydułtowy,wodzisławski,śląskie,1495,21385,1430
Rydzyna,leszczyński,wielkopolskie,220,2919,1327
Ryglice,tarnowski,małopolskie,2515,2830,113
Ryki,rycki,lubelskie,2722,9531,350
Rymanów,krośnieński,podkarpackie,1239,3774,305
Ryn,giżycki,warmińsko-mazurskie,414,2827,683
Rypin,rypiński,kujawsko-pomorskie,1096,15999,1460
Rzepin,słubicki,lubuskie,1142,6485,568
Rzeszów,Rzeszów,podkarpackie,12901,197863,1534
Rzgów,łódzki wschodni,łódzkie,1677,3382,202
Sandomierz,sandomierski,świętokrzyskie,2869,22997,802
Sanniki,gostyniński,mazowieckie,1176,1932,164
Sanok,sanocki,podkarpackie,3808,36999,972
Sejny,sejneński,podlaskie,449,5159,1149
Serock,legionowski,mazowieckie,1343,4658,347
Sędziszów,jędrzejowski,świętokrzyskie,792,6359,803
Sędziszów Małopolski,ropczycko-sędziszowski,podkarpackie,3699,12415,336
Sępopol,bartoszycki,warmińsko-mazurskie,463,1883,407
Sępólno Krajeńskie,sępoleński,kujawsko-pomorskie,655,9004,1375
Sianów,koszaliński,zachodniopomorskie,1588,6560,413
Siechnice,wrocławski,dolnośląskie,1563,8851,566
Siedlce,Siedlce,mazowieckie,3186,77813,2442
Siedliszcze,chełmski,lubelskie,1316,1406,107
Siemianowice Śląskie,Siemianowice Śląskie,śląskie,2550,66270,2599
Siemiatycze,siemiatycki,podlaskie,3625,14210,392
Sieniawa,przeworski,podkarpackie,674,2132,316
Siennica,miński,mazowieckie,534,2309,432
Sienno,lipski,mazowieckie,1070,928,87
Sieradz,sieradzki,łódzkie,5122,41390,808
Sieraków,międzychodzki,wielkopolskie,1408,5956,423
Sierpc,sierpecki,mazowieckie,1859,17788,957
Siewierz,będziński,śląskie,3866,5544,143
Skalbmierz,kazimierski,świętokrzyskie,713,1263,177
Skała,krakowski,małopolskie,297,3755,1264
Skarszewy,starogardzki,pomorskie,1079,7015,650
Skaryszew,radomski,mazowieckie,2749,4310,157
Skarżysko-Kamienna,skarżyski,świętokrzyskie,6439,44260,687
Skawina,krakowski,małopolskie,2050,24366,1189
Skępe,lipnowski,kujawsko-pomorskie,748,3542,474
Skierniewice,Skierniewice,łódzkie,3460,47655,1377
Skoczów,cieszyński,śląskie,985,14116,1433
Skoki,wągrowiecki,wielkopolskie,1120,4462,398
Skórcz,starogardzki,pomorskie,363,3603,993
Skwierzyna,międzyrzecki,lubuskie,3589,9454,263
Sława,wschowski,lubuskie,1490,4268,286
Sławków,będziński,śląskie,3667,6935,189
Sławno,sławieński,zachodniopomorskie,1583,12357,781
Słomniki,krakowski,małopolskie,343,4293,1252
Słubice,słubicki,lubuskie,1921,16623,865
Słupca,słupecki,wielkopolskie,1030,13564,1317
Słupsk,Słupsk,pomorskie,4315,89780,2081
Sobótka,wrocławski,dolnośląskie,3220,6954,216
Sochaczew,sochaczewski,mazowieckie,2619,35891,1370
Sochocin,płoński,mazowieckie,683,1900,278
Sokołów Małopolski,rzeszowski,podkarpackie,1554,4210,271
Sokołów Podlaski,sokołowski,mazowieckie,1751,18814,1074
Sokółka,sokólski,podlaskie,1859,17967,966
Solec Kujawski,bydgoski,kujawsko-pomorskie,1868,15614,836
Solec nad Wisłą,lipski,mazowieckie,2091,939,45
Sompolno,koniński,wielkopolskie,621,3472,559
Sopot,Sopot,pomorskie,1728,35286,2042
Sosnowiec,Sosnowiec,śląskie,9106,197586,2170
Sośnicowice,gliwicki,śląskie,1167,1927,165
Stalowa Wola,stalowowolski,podkarpackie,8252,59623,723
Starachowice,starachowicki,świętokrzyskie,3182,47638,1497
Stargard,stargardzki,zachodniopomorskie,4808,67579,1406
Starogard Gdański,starogardzki,pomorskie,2528,47272,1870
Stary Sącz,nowosądecki,małopolskie,1500,9016,601
Staszów,staszowski,świętokrzyskie,2688,14534,541
Stawiski,kolneński,podlaskie,1324,2159,163
Stawiszyn,kaliski,wielkopolskie,99,1461,1476
Stąporków,konecki,świętokrzyskie,1094,5569,509
Stepnica,goleniowski,zachodniopomorskie,340,2464,725
Stęszew,poznański,wielkopolskie,569,5903,1037
Stoczek Łukowski,łukowski,lubelskie,915,2480,271
Stopnica,buski,świętokrzyskie,455,1414,311
Stronie Śląskie,kłodzki,dolnośląskie,238,5616,2360
Strumień,cieszyński,śląskie,629,3659,582
Stryków,zgierski,łódzkie,815,3428,421
Strzegom,świdnicki,dolnośląskie,2049,15873,775
Strzelce Krajeńskie,strzelecko-drezdenecki,lubuskie,554,9833,1775
Strzelce Opolskie,strzelecki,opolskie,2997,17657,589
Strzeleczki,krapkowicki,opolskie,2774,1539,55
Strzelin,strzeliński,dolnośląskie,1274,12383,972
Strzelno,mogileński,kujawsko-pomorskie,446,5589,1253
Strzyżów,strzyżowski,podkarpackie,1389,8781,632
Sucha Beskidzka,suski,małopolskie,2765,9044,327
Suchań,stargardzki,zachodniopomorskie,357,1440,403
Suchedniów,skarżyski,świętokrzyskie,5940,8248,139
Suchowola,sokólski,podlaskie,2595,2137,82
Sulechów,zielonogórski,lubuskie,688,16592,2412
Sulejów,piotrkowski,łódzkie,2626,6130,233
Sulejówek,miński,mazowieckie,1931,19951,1033
Sulęcin,sulęciński,lubuskie,856,10005,1169
Sulmierzyce,krotoszyński,wielkopolskie,2929,2831,97
Sułkowice,myślenicki,małopolskie,1646,6658,404
Supraśl,białostocki,podlaskie,569,4582,805
Suraż,białostocki,podlaskie,3386,983,29
Susz,iławski,warmińsko-mazurskie,667,5529,829
Suwałki,Suwałki,podlaskie,6551,69639,1063
Swarzędz,poznański,wielkopolskie,823,29862,3628
Syców,oleśnicki,dolnośląskie,1705,10340,606
Szadek,zduńskowolski,łódzkie,1793,1898,106
Szamocin,chodzieski,wielkopolskie,467,4192,898
Szamotuły,szamotulski,wielkopolskie,1108,18736,1691
Szczawnica,nowotarski,małopolskie,3290,5655,172
Szczawno-Zdrój,wałbrzyski,dolnośląskie,1474,5534,375
Szczebrzeszyn,zamojski,lubelskie,2912,4962,170
Szczecin,Szczecin,zachodniopomorskie,30060,398255,1325
Szczecinek,szczecinecki,zachodniopomorskie,4848,39827,822
Szczekociny,zawierciański,śląskie,1803,3532,196
Szczucin,dąbrowski,małopolskie,685,4154,606
Szczuczyn,grajewski,podlaskie,1323,3341,253
Szczyrk,bielski,śląskie,3928,5711,145
Szczytna,kłodzki,dolnośląskie,8038,5044,63
Szczytno,szczycieński,warmińsko-mazurskie,1062,22813,2148
Szepietowo,wysokomazowiecki,podlaskie,284,2157,760
Szklarska Poręba,karkonoski,dolnośląskie,7544,6653,88
Szlichtyngowa,wschowski,lubuskie,155,1266,817
Szprotawa,żagański,lubuskie,1095,11530,1053
Sztum,sztumski,pomorskie,459,9798,2135
Szubin,nakielski,kujawsko-pomorskie,765,9578,1252
Szydłowiec,szydłowiecki,mazowieckie,2189,11557,528
Szydłów,staszowski,świętokrzyskie,1621,1095,68
Ścinawa,lubiński,dolnośląskie,1354,5526,408
Ślesin,koniński,wielkopolskie,718,3124,435
Śmigiel,kościański,wielkopolskie,530,5621,1061
Śrem,śremski,wielkopolskie,1237,29176,2359
Środa Śląska,średzki,dolnośląskie,1494,9562,640
Środa Wielkopolska,średzki,wielkopolskie,2192,23672,1080
Świątniki Górne,krakowski,małopolskie,444,2441,550
Świdnica,świdnicki,dolnośląskie,2176,56222,2584
Świdnik,świdnicki,lubelskie,2035,38763,1905
Świdwin,świdwiński,zachodniopomorskie,2238,15338,685
Świebodzice,świdnicki,dolnośląskie,3043,22642,744
Świebodzin,świebodziński,lubuskie,1693,21550,1273
Świecie,świecki,kujawsko-pomorskie,1187,25486,2147
Świeradów-Zdrój,lubański,dolnośląskie,2072,3995,193
Świerzawa,złotoryjski,dolnośląskie,176,2234,1269
Świętochłowice,Świętochłowice,śląskie,1331,49108,3690
Świnoujście,Świnoujście,zachodniopomorskie,20207,40948,203
Tarczyn,piaseczyński,mazowieckie,523,4150,793
Tarnobrzeg,Tarnobrzeg,podkarpackie,8540,46360,543
Tarnogród,biłgorajski,lubelskie,1069,3304,309
Tarnowskie Góry,tarnogórski,śląskie,8388,61756,736
Tarnów,Tarnów,małopolskie,7238,107498,1485
Tczew,tczewski,pomorskie,2238,59430,2655
Terespol,bialski,lubelskie,1011,5457,540
Tłuszcz,wołomiński,mazowieckie,791,8167,1032
Tolkmicko,elbląski,warmińsko-mazurskie,229,2644,1155
Tomaszów Lubelski,tomaszowski,lubelskie,1329,18783,1413
Tomaszów Mazowiecki,tomaszowski,łódzkie,4130,61338,1485
Toruń,Toruń,kujawsko-pomorskie,11572,198613,1716
Torzym,sulęciński,lubuskie,911,2520,277
Toszek,gliwicki,śląskie,971,3569,368
Trzcianka,czarnkowsko-trzcianecki,wielkopolskie,1830,17009,929
Trzciel,międzyrzecki,lubuskie,304,2339,769
Trzcińsko-Zdrój,gryfiński,zachodniopomorskie,233,2200,944
Trzebiatów,gryficki,zachodniopomorskie,1025,9899,966
Trzebinia,chrzanowski,małopolskie,3194,19507,611
Trzebnica,trzebnicki,dolnośląskie,1061,13314,1255
Trzemeszno,gnieźnieński,wielkopolskie,546,7606,1393
Tuchola,tucholski,kujawsko-pomorskie,1769,13534,765
Tuchów,tarnowski,małopolskie,1810,6510,360
Tuczno,wałecki,zachodniopomorskie,921,1919,208
Tuliszków,turecki,wielkopolskie,700,3204,458
Tułowice,opolski,opolskie,923,4026,436
Turek,turecki,wielkopolskie,1617,26441,1635
Turobin,biłgorajski,lubelskie,160,873,545
Tuszyn,łódzki wschodni,łódzkie,2325,7237,311
Twardogóra,oleśnicki,dolnośląskie,829,6597,796
Tychowo,białogardzki,zachodniopomorskie,396,2485,628
Tychy,Tychy,śląskie,8181,126871,1551
Tyczyn,rzeszowski,podkarpackie,967,3983,412
Tykocin,białostocki,podlaskie,2897,1966,68
Tyszowce,tomaszowski,lubelskie,1852,2054,111
Ujazd,tomaszowski,łódzkie,1030,1694,167
Ujazd,strzelecki,opolskie,1476,1734,117
Ujście,pilski,wielkopolskie,578,3623,627
Ulanów,niżański,podkarpackie,820,1427,174
Uniejów,poddębicki,łódzkie,1223,2957,242
Urzędów,kraśnicki,lubelskie,1291,1679,130
Ustka,słupski,pomorskie,1019,15199,1492
Ustroń,cieszyński,śląskie,5903,15989,271
Ustrzyki Dolne,bieszczadzki,podkarpackie,1679,8917,531
Wadowice,wadowicki,małopolskie,1054,18379,1744
Wałbrzych,Wałbrzych,dolnośląskie,8470,109971,1298
Wałcz,wałecki,zachodniopomorskie,3817,24949,654
Warka,grójecki,mazowieckie,2677,11926,445
Warszawa,Warszawa,mazowieckie,51724,1794166,3469
Warta,sieradzki,łódzkie,1085,3208,296
Wasilków,białostocki,podlaskie,2826,11802,418
Wąbrzeźno,wąbrzeski,kujawsko-pomorskie,853,13400,1571
Wąchock,starachowicki,świętokrzyskie,1602,2724,170
Wągrowiec,wągrowiecki,wielkopolskie,1783,25607,1436
Wąsosz,górowski,dolnośląskie,324,2647,817
Wejherowo,wejherowski,pomorskie,2699,49099,1819
Węgliniec,zgorzelecki,dolnośląskie,873,2802,321
Węgorzewo,węgorzewski,warmińsko-mazurskie,1088,11144,1024
Węgorzyno,łobeski,zachodniopomorskie,685,2771,405
Węgrów,węgrowski,mazowieckie,3551,12452,351
Wiązów,strzeliński,dolnośląskie,916,2198,240
Wielbark,szczycieński,warmińsko-mazurskie,1842,2981,162
Wieleń,czarnkowsko-trzcianecki,wielkopolskie,446,5758,1291
Wielichowo,grodziski,wielkopolskie,124,1774,1431
Wieliczka,wielicki,małopolskie,1341,24215,1806
Wieluń,wieluński,łódzkie,1687,21892,1298
Wieruszów,wieruszowski,łódzkie,597,8446,1415
Więcbork,sępoleński,kujawsko-pomorskie,431,5900,1369
Wilamowice,bielski,śląskie,1036,3142,303
Wiskitki,żyrardowski,mazowieckie,661,1347,204
Wisła,cieszyński,śląskie,11017,11007,100
Wiślica,buski,świętokrzyskie,471,506,107
Witkowo,gnieźnieński,wielkopolskie,831,7706,927
Witnica,gorzowski,lubuskie,824,6666,809
Wleń,lwówecki,dolnośląskie,722,1725,239
Władysławowo,pucki,pomorskie,1367,9830,719
Włocławek,Włocławek,kujawsko-pomorskie,8508,108561,1276
Włodawa,włodawski,lubelskie,1797,12915,719
Włodowice,zawierciański,śląskie,2348,1124,48
Włoszczowa,włoszczowski,świętokrzyskie,3030,9798,323
Wodzisław,jędrzejowski,świętokrzyskie,794,1082,136
Wodzisław Śląski,wodzisławski,śląskie,4951,47576,961
Wojcieszów,złotoryjski,dolnośląskie,3217,3572,111
Wojkowice,będziński,śląskie,1279,8877,694
Wojnicz,tarnowski,małopolskie,850,3310,389
Wolbórz,piotrkowski,łódzkie,1518,2301,152
Wolbrom,olkuski,małopolskie,1012,8480,838
Wolin,kamieński,zachodniopomorskie,1447,4739,328
Wolsztyn,wolsztyński,wielkopolskie,478,12859,2690
Wołczyn,kluczborski,opolskie,747,5787,775
Wołomin,wołomiński,mazowieckie,1724,36848,2137
Wołów,wołowski,dolnośląskie,1854,12298,663
Woźniki,lubliniecki,śląskie,7101,4298,61
Wrocław,Wrocław,dolnośląskie,29282,641928,2192
Wronki,szamotulski,wielkopolskie,581,11064,1904
Września,wrzesiński,wielkopolskie,1273,31000,2435
Wschowa,wschowski,lubuskie,925,13717,1483
Wyrzysk,pilski,wielkopolskie,412,5131,1245
Wysoka,pilski,wielkopolskie,482,2614,542
Wysokie Mazowieckie,wysokomazowiecki,podlaskie,1524,9336,613
Wyszków,wyszkowski,mazowieckie,2078,26980,1298
Wyszogród,płocki,mazowieckie,1297,2569,198
Wyśmierzyce,białobrzeski,mazowieckie,1684,896,53
Zabłudów,białostocki,podlaskie,1430,2490,174
Zabrze,Zabrze,śląskie,8040,170924,2126
Zagórów,słupecki,wielkopolskie,344,2902,844
Zagórz,sanocki,podkarpackie,2229,5093,228
Zakliczyn,tarnowski,małopolskie,402,1628,405
Zaklików,stalowowolski,podkarpackie,1142,2954,259
Zakopane,tatrzański,małopolskie,8426,26846,319
Zakroczym,nowodworski,mazowieckie,1997,3149,158
Zalewo,iławski,warmińsko-mazurskie,822,2129,259
Zambrów,zambrowski,podlaskie,1902,21921,1153
Zamość,Zamość,lubelskie,3034,62785,2069
Zator,oświęcimski,małopolskie,1152,3616,314
Zawadzkie,strzelecki,opolskie,1646,7032,427
Zawichost,sandomierski,świętokrzyskie,2029,1713,84
Zawidów,zgorzelecki,dolnośląskie,607,4132,681
Zawiercie,zawierciański,śląskie,8525,48703,571
Ząbki,wołomiński,mazowieckie,1098,38546,3511
Ząbkowice Śląskie,ząbkowicki,dolnośląskie,1367,14728,1077
Zbąszynek,świebodziński,lubuskie,358,4997,1396
Zbąszyń,nowotomyski,wielkopolskie,542,7213,1331
Zduny,krotoszyński,wielkopolskie,620,4445,717
Zduńska Wola,zduńskowolski,łódzkie,2457,41288,1680
Zdzieszowice,krapkowicki,opolskie,1235,11246,911
Zelów,bełchatowski,łódzkie,1075,7459,694
Zgierz,zgierski,łódzkie,4233,55673,1315
Zgorzelec,zgorzelecki,dolnośląskie,1588,29810,1877
Zielona Góra,Zielona Góra,lubuskie,27826,140892,506
Zielonka,wołomiński,mazowieckie,7948,17486,220
Ziębice,ząbkowicki,dolnośląskie,1507,8531,566
Złocieniec,drawski,zachodniopomorskie,3228,12706,394
Złoczew,sieradzki,łódzkie,1379,3340,242
Złotoryja,złotoryjski,dolnośląskie,1151,15273,1327
Złotów,złotowski,wielkopolskie,1158,18437,1592
Złoty Stok,ząbkowicki,dolnośląskie,773,2696,349
Zwierzyniec,zamojski,lubelskie,619,3101,501
Zwoleń,zwoleński,mazowieckie,1591,7660,481
Żabno,tarnowski,małopolskie,1113,4184,376
Żagań,żagański,lubuskie,4038,25265,626
Żarki,myszkowski,śląskie,2544,4538,178
Żarnów,opoczyński,łódzkie,962,1074,112
Żarów,świdnicki,dolnośląskie,757,6648,878
Żary,żarski,lubuskie,3349,37052,1106
Żelechów,garwoliński,mazowieckie,1213,3895,321
Żerków,jarociński,wielkopolskie,216,2109,976
Żmigród,trzebnicki,dolnośląskie,949,6444,679
Żnin,żniński,kujawsko-pomorskie,835,13623,1631
Żory,Żory,śląskie,6464,62844,972
Żukowo,kartuski,pomorskie,473,8135,1422
Żuromin,żuromiński,mazowieckie,1118,8756,783
Żychlin,kutnowski,łódzkie,868,7964,918
Żyrardów,żyrardowski,mazowieckie,1435,39550,2756
Żywiec,żywiecki,śląskie,5054,30733,608
